Date,Price,Open,High,Low,Vol.,Change %
1/4/2021,"343,525","347,825","347,825","340,816",0.39K,-1.23%
1/5/2021,"341,820","343,900","344,715","340,850",0.32K,-0.50%
1/6/2021,"346,189","343,000","349,000","342,000",0.92K,1.28%
1/7/2021,"350,089","347,900","351,000","347,120",0.32K,1.13%
1/8/2021,"352,039","350,500","352,039","348,100",0.24K,0.56%
1/11/2021,"350,050","348,100","351,141","348,073",0.17K,-0.56%
1/12/2021,"350,460","350,050","351,250","348,250",0.19K,0.12%
1/13/2021,"353,194","349,147","353,194","348,140",0.28K,0.78%
1/14/2021,"352,801","353,100","353,698","351,574",0.13K,-0.11%
1/15/2021,"350,320","350,540","352,500","348,500",0.28K,-0.70%
1/19/2021,"352,474","351,177","354,837","348,070",0.34K,0.61%
1/20/2021,"352,801","351,975","353,350","350,639",0.31K,0.09%
1/21/2021,"354,000","354,200","354,835","352,400",0.52K,0.34%
1/22/2021,"350,620","351,800","351,800","349,500",0.30K,-0.95%
1/25/2021,"351,900","349,000","352,085","347,250",0.42K,0.37%
1/26/2021,"349,200","350,191","351,800","349,025",0.22K,-0.77%
1/27/2021,"343,450","346,145","346,645","341,119",0.46K,-1.65%
1/28/2021,"348,220","344,340","351,976","344,340",0.44K,1.39%
1/29/2021,"344,100","344,749","346,355","343,000",0.26K,-1.18%
2/1/2021,"346,175","345,000","346,945","344,250",0.29K,0.60%
2/2/2021,"350,201","348,300","352,000","348,300",0.42K,1.16%
2/3/2021,"350,701","350,200","351,086","349,250",0.16K,0.14%
2/4/2021,"354,760","351,700","355,000","351,192",0.38K,1.16%
2/5/2021,"354,401","355,750","356,500","353,846",0.28K,-0.10%
2/8/2021,"357,100","355,000","357,100","354,401",0.31K,0.76%
2/9/2021,"362,200","356,588","362,395","355,021",0.56K,1.43%
2/10/2021,"361,290","363,145","363,232","360,556",0.25K,-0.25%
2/11/2021,"361,650","361,061","362,300","360,109",0.18K,0.10%
2/12/2021,"365,000","359,750","365,725","359,750",0.45K,0.93%
2/16/2021,"369,333","367,658","372,661","366,000",0.85K,1.19%
2/17/2021,"370,500","368,560","370,873","368,560",0.49K,0.32%
2/18/2021,"367,400","368,885","370,000","364,760",1.26K,-0.84%
2/19/2021,"364,400","368,865","369,334","364,000",1.32K,-0.82%
2/22/2021,"369,250","363,380","371,000","362,860",1.70K,1.33%
2/23/2021,"371,055","370,488","371,800","367,236",2.93K,0.49%
2/24/2021,"375,000","371,183","376,315","371,123",2.63K,1.06%
2/25/2021,"367,800","375,233","377,357","366,401",2.24K,-1.92%
2/26/2021,"364,580","370,220","374,490","363,680",1.86K,-0.88%
3/1/2021,"377,755","372,555","378,523","372,176",2.90K,3.61%
3/2/2021,"377,835","378,322","380,000","376,932",2.31K,0.02%
3/3/2021,"381,680","377,572","385,000","377,500",2.36K,1.02%
3/4/2021,"370,240","380,443","382,254","368,430",2.60K,-3.00%
3/5/2021,"381,600","375,823","383,500","373,595",2.49K,3.07%
3/8/2021,"388,560","385,571","391,852","383,700",2.98K,1.82%
3/9/2021,"391,460","391,168","397,400","385,800",3.18K,0.75%
3/10/2021,"398,840","394,113","407,750","392,015",4.24K,1.89%
3/11/2021,"396,399","402,495","402,502","395,062",3.10K,-0.61%
3/12/2021,"394,701","397,900","401,171","394,701",2.42K,-0.43%
3/15/2021,"386,400","395,785","395,890","385,131",2.99K,-2.10%
3/16/2021,"382,720","387,095","387,155","379,212",2.35K,-0.95%
3/17/2021,"381,501","382,530","385,832","380,685",3.30K,-0.32%
3/18/2021,"383,525","384,998","388,630","381,000",2.35K,0.53%
3/19/2021,"382,698","382,320","383,612","377,500",2.46K,-0.22%
3/22/2021,"380,403","381,808","382,352","378,393",2.36K,-0.60%
3/23/2021,"377,440","379,062","382,000","376,077",1.54K,-0.78%
3/24/2021,"378,000","379,202","382,155","377,520",1.62K,0.15%
3/25/2021,"378,700","378,035","382,600","374,482",1.69K,0.19%
3/26/2021,"387,995","383,298","390,000","381,382",1.48K,2.45%
3/29/2021,"391,540","384,053","393,484","383,922",2.02K,0.91%
3/30/2021,"390,360","393,665","394,300","388,811",1.78K,-0.30%
3/31/2021,"385,702","388,812","390,300","385,702",1.73K,-1.19%
4/1/2021,"390,360","387,979","390,984","385,702",1.53K,1.21%
4/5/2021,"395,535","392,700","396,770","392,400",1.81K,1.33%
4/6/2021,"396,900","395,913","397,890","394,838",1.33K,0.35%
4/7/2021,"395,888","395,730","398,000","394,500",0.28K,-0.25%
4/8/2021,"396,001","395,476","396,985","393,973",1.14K,0.03%
4/9/2021,"400,000","397,126","400,000","396,122",1.37K,1.01%
4/12/2021,"402,620","401,426","403,421","400,734",1.95K,0.66%
4/13/2021,"402,500","401,668","403,474","400,372",1.79K,-0.03%
4/14/2021,"403,000","402,789","404,150","402,000",1.78K,0.12%
4/15/2021,"404,789","403,338","404,999","400,835",1.73K,0.44%
4/16/2021,"409,250","405,752","410,400","405,752",3.02K,1.10%
4/19/2021,"406,505","410,748","410,748","404,676",2.18K,-0.67%
4/20/2021,"403,089","404,610","405,340","401,748",1.66K,-0.84%
4/21/2021,"410,153","403,656","410,165","403,603",1.74K,1.75%
4/22/2021,"405,901","409,935","410,000","405,256",1.85K,-1.04%
4/23/2021,"408,840","407,088","410,738","406,611",1.69K,0.72%
4/26/2021,"407,527","410,493","412,474","407,250",1.87K,-0.32%
4/27/2021,"411,400","408,144","412,229","406,482",1.54K,0.95%
4/28/2021,"410,988","410,514","411,811","409,355",1.59K,-0.10%
4/29/2021,"417,905","412,758","417,905","412,000",2.01K,1.68%
4/30/2021,"412,500","415,438","417,144","412,000",2.10K,-1.29%
5/3/2021,"420,000","418,962","422,648","417,272",3.09K,1.82%
5/4/2021,"421,420","419,095","421,850","410,850",2.63K,0.34%
5/5/2021,"424,840","425,220","427,435","424,306",2.96K,0.81%
5/6/2021,"435,120","426,700","435,744","426,700",3.21K,2.42%
5/7/2021,"437,131","436,188","445,000","432,826",2.68K,0.46%
5/10/2021,"439,460","439,132","443,275","439,132",3.19K,0.53%
5/11/2021,"430,258","435,581","436,871","427,912",2.45K,-2.09%
5/12/2021,"425,308","428,607","431,200","423,077",1.78K,-1.15%
5/13/2021,"430,640","425,536","433,541","424,100",2.40K,1.25%
5/14/2021,"437,260","433,996","437,413","433,996",2.09K,1.54%
5/17/2021,"434,324","435,915","436,131","432,747",1.68K,-0.67%
5/18/2021,"431,767","435,440","435,960","431,767",1.27K,-0.59%
5/19/2021,"430,720","426,931","430,720","424,575",1.71K,-0.24%
5/20/2021,"431,422","432,773","435,000","429,880",1.61K,0.16%
5/21/2021,"432,469","431,656","435,200","431,000",1.31K,0.24%
5/24/2021,"435,431","435,273","437,001","433,287",1.34K,0.68%
5/25/2021,"432,274","437,298","438,445","431,784",1.36K,-0.73%
5/26/2021,"432,800","434,366","434,366","429,765",1.46K,0.12%
5/27/2021,"435,420","433,250","436,000","431,175",1.51K,0.61%
5/28/2021,"436,000","435,623","436,430","433,637",1.34K,0.13%
6/1/2021,"435,304","438,718","439,100","434,255",1.72K,-0.16%
6/2/2021,"435,639","437,556","437,950","434,647",1.88K,0.08%
6/3/2021,"438,745","433,050","440,158","433,050",2.04K,0.71%
6/4/2021,"439,016","441,063","441,063","437,769",1.38K,0.06%
6/7/2021,"434,611","440,598","440,598","433,962",1.81K,-1.00%
6/8/2021,"434,510","435,393","435,458","429,260",1.46K,-0.02%
6/9/2021,"433,125","434,718","435,750","431,310",1.32K,-0.32%
6/10/2021,"427,156","435,120","436,618","427,156",1.35K,-1.38%
6/11/2021,"430,282","428,558","431,351","428,000",1.21K,0.73%
6/14/2021,"425,880","430,407","430,407","423,242",2.09K,-1.02%
6/15/2021,"426,045","427,440","427,852","424,614",1.20K,0.04%
6/16/2021,"425,645","425,495","427,584","422,457",1.37K,-0.09%
6/17/2021,"420,359","426,946","427,231","417,025",1.78K,-1.24%
6/18/2021,"412,729","415,847","416,335","409,701",1.90K,-1.82%
6/21/2021,"417,780","414,842","419,177","414,044",1.40K,1.22%
6/22/2021,"418,875","418,010","418,875","415,126",1.32K,0.26%
6/23/2021,"413,890","416,750","417,000","413,485",1.47K,-1.19%
6/24/2021,"415,000","414,781","416,864","413,187",1.22K,0.27%
6/25/2021,"419,134","417,416","420,389","414,967",1.04K,1.00%
6/28/2021,"416,304","420,420","420,965","415,200",1.63K,-0.68%
6/29/2021,"417,000","417,100","418,868","414,945",1.21K,0.17%
6/30/2021,"418,601","415,236","419,265","415,100",1.02K,0.38%
7/1/2021,"421,005","418,708","421,491","417,270",1.01K,0.57%
7/2/2021,"420,000","423,427","423,427","419,020",1.26K,-0.24%
7/6/2021,"416,930","419,066","419,066","414,000",1.41K,-0.73%
7/7/2021,"419,401","415,581","420,505","415,091",1.14K,0.59%
7/8/2021,"411,840","416,268","417,572","411,000",1.57K,-1.80%
7/9/2021,"422,000","414,768","422,300","414,462",1.19K,2.47%
7/12/2021,"420,937","420,711","424,304","418,689",1.42K,-0.25%
7/13/2021,"419,820","421,011","421,525","418,724",0.97K,-0.27%
7/14/2021,"418,500","419,806","422,061","418,000",0.96K,-0.31%
7/15/2021,"421,350","417,336","422,103","417,000",0.91K,0.68%
7/16/2021,"417,601","421,981","421,981","417,113",0.88K,-0.89%
7/19/2021,"410,450","413,133","414,230","407,773",1.58K,-1.71%
7/20/2021,"416,244","410,308","418,481","409,983",1.11K,1.41%
7/21/2021,"420,055","418,550","422,688","417,000",0.98K,0.92%
7/22/2021,"417,800","419,971","420,248","417,650",0.95K,-0.54%
7/23/2021,"419,000","418,856","421,413","418,220",0.84K,0.29%
7/26/2021,"419,500","418,380","422,000","418,380",1.11K,0.12%
7/27/2021,"422,309","419,810","423,000","417,135",1.10K,0.67%
7/28/2021,"418,975","422,250","423,461","418,230",0.98K,-0.79%
7/29/2021,"420,676","419,634","423,209","419,634",1.04K,0.41%
7/30/2021,"418,900","421,770","422,914","418,104",0.89K,-0.42%
8/2/2021,"418,695","420,985","424,242","418,287",1.24K,-0.05%
8/3/2021,"423,706","420,576","425,000","416,965",1.13K,1.20%
8/4/2021,"419,962","421,988","422,884","419,742",0.96K,-0.88%
8/5/2021,"421,306","421,358","424,000","419,000",1.08K,0.32%
8/6/2021,"430,160","424,426","430,160","424,103",1.26K,2.10%
8/9/2021,"431,881","433,056","434,298","430,486",1.64K,0.40%
8/10/2021,"434,610","432,690","435,000","430,470",1.19K,0.63%
8/11/2021,"438,160","434,655","439,163","434,655",1.28K,0.82%
8/12/2021,"436,545","439,121","439,800","434,846",1.12K,-0.37%
8/13/2021,"433,124","437,935","437,935","432,057",1.23K,-0.78%
8/16/2021,"435,370","432,443","435,657","429,462",1.27K,0.52%
8/17/2021,"435,610","434,530","437,551","433,136",1.04K,0.06%
8/18/2021,"430,651","435,175","436,825","430,651",0.95K,-1.14%
8/19/2021,"428,994","428,190","431,976","427,590",1.08K,-0.38%
8/20/2021,"430,007","429,605","430,543","427,862",0.85K,0.24%
8/23/2021,"425,000","432,025","432,528","425,000",1.00K,-1.16%
8/24/2021,"430,700","430,686","431,800","428,000",0.88K,1.34%
8/25/2021,"432,354","431,705","434,423","429,585",0.83K,0.38%
8/26/2021,"429,715","433,588","433,708","428,957",0.91K,-0.61%
8/27/2021,"430,901","429,873","431,500","429,332",0.74K,0.28%
8/30/2021,"429,720","431,060","431,949","429,134",1.04K,-0.27%
8/31/2021,"429,900","429,405","431,000","428,706",0.98K,0.04%
9/1/2021,"430,000","431,180","433,720","429,000",0.96K,0.02%
9/2/2021,"428,640","429,606","431,317","428,000",0.97K,-0.32%
9/3/2021,"424,201","428,825","428,825","424,201",1.38K,-1.04%
9/7/2021,"419,851","424,688","428,102","419,500",1.78K,-1.03%
9/8/2021,"420,719","419,732","421,456","417,925",1.08K,0.21%
9/9/2021,"420,285","420,270","421,490","419,136",0.99K,-0.10%
9/10/2021,"417,954","421,028","421,291","417,942",0.94K,-0.55%
9/13/2021,"420,801","418,510","422,522","417,687",1.26K,0.68%
9/14/2021,"416,996","422,300","422,500","416,050",1.53K,-0.90%
9/15/2021,"419,785","417,358","419,998","416,629",0.89K,0.67%
9/16/2021,"419,120","420,170","420,800","416,215",0.84K,-0.16%
9/17/2021,"416,400","418,705","421,124","415,000",1.60K,-0.65%
9/20/2021,"416,000","411,704","416,000","409,000",1.78K,-0.10%
9/21/2021,"412,802","416,570","416,570","411,281",1.38K,-0.77%
9/22/2021,"412,081","415,671","416,762","411,920",0.92K,-0.17%
9/23/2021,"418,390","414,298","420,949","413,700",1.09K,1.53%
9/24/2021,"418,101","418,475","420,090","417,561",0.89K,-0.07%
9/27/2021,"420,791","419,638","422,203","418,928",0.89K,0.64%
9/28/2021,"416,580","419,976","423,225","415,395",1.03K,-1.00%
9/29/2021,"417,165","417,200","419,719","415,301",0.79K,0.14%
9/30/2021,"411,379","419,310","419,735","411,005",1.28K,-1.39%
10/1/2021,"414,878","412,915","417,653","410,099",1.00K,0.85%
10/4/2021,"412,540","415,146","416,804","411,286",1.45K,-0.56%
10/5/2021,"418,539","413,313","420,959","411,659",0.95K,1.45%
10/6/2021,"421,900","416,406","421,900","413,662",1.13K,0.80%
10/7/2021,"425,431","424,999","428,655","423,516",1.24K,0.84%
10/8/2021,"427,765","425,643","428,479","424,000",1.29K,0.55%
10/11/2021,"423,000","427,172","429,786","423,000",1.64K,-1.11%
10/12/2021,"419,596","423,252","424,859","419,000",1.06K,-0.80%
10/13/2021,"418,402","417,906","422,180","415,265",1.23K,-0.28%
10/14/2021,"423,648","420,866","427,379","420,750",1.22K,1.25%
10/15/2021,"427,701","429,300","429,300","424,945",1.20K,0.96%
10/18/2021,"426,189","428,950","428,950","424,001",1.46K,-0.35%
10/19/2021,"428,105","429,335","429,500","425,841",1.26K,0.45%
10/20/2021,"432,495","428,113","433,000","426,111",1.66K,1.03%
10/21/2021,"431,680","432,689","434,800","429,436",1.41K,-0.19%
10/22/2021,"435,722","431,720","436,203","429,715",1.50K,0.94%
10/25/2021,"436,401","435,963","437,144","433,064",1.79K,0.16%
10/26/2021,"437,890","437,165","439,850","435,446",1.90K,0.34%
10/27/2021,"433,050","437,527","439,229","433,050",3.23K,-1.11%
10/28/2021,"436,250","434,703","436,874","432,516",2.41K,0.74%
10/29/2021,"432,902","435,053","436,512","431,714",2.07K,-0.77%
11/1/2021,"430,944","434,513","435,900","430,522",2.30K,-0.45%
11/2/2021,"434,245","434,440","434,654","429,800",1.72K,0.77%
11/3/2021,"435,020","433,425","435,140","431,164",1.45K,0.18%
11/4/2021,"433,102","436,462","438,299","429,880",1.97K,-0.44%
11/5/2021,"434,000","434,887","437,749","432,114",1.69K,0.21%
11/8/2021,"435,200","439,649","445,000","434,752",2.81K,0.28%
11/9/2021,"431,680","435,345","437,240","430,099",2.06K,-0.81%
11/10/2021,"430,602","431,420","433,409","428,940",1.71K,-0.25%
11/11/2021,"429,202","431,800","434,399","428,694",1.42K,-0.33%
11/12/2021,"431,575","432,614","432,899","427,664",1.23K,0.55%
11/15/2021,"429,302","432,193","434,335","429,079",1.80K,-0.53%
11/16/2021,"427,702","429,638","431,849","427,120",1.52K,-0.37%
11/17/2021,"426,198","427,651","429,710","424,201",1.80K,-0.35%
11/18/2021,"422,702","428,429","428,429","422,223",1.62K,-0.82%
11/19/2021,"423,374","422,901","424,300","420,000",1.56K,0.16%
11/22/2021,"430,100","425,225","432,000","422,535",1.89K,1.59%
11/23/2021,"434,921","432,837","435,365","430,100",2.42K,1.12%
11/24/2021,"433,333","434,643","437,139","431,497",1.47K,-0.37%
11/26/2021,"427,833","424,233","429,803","421,091",1.61K,-1.27%
11/29/2021,"425,260","429,048","432,135","425,000",1.94K,-0.60%
11/30/2021,"416,876","423,822","426,125","416,546",1.95K,-1.97%
12/1/2021,"415,660","421,535","424,669","415,000",2.04K,-0.29%
12/2/2021,"420,566","417,776","422,999","415,526",1.25K,1.18%
12/3/2021,"418,676","421,420","426,000","416,100",1.74K,-0.45%
12/6/2021,"426,200","423,201","428,000","420,000",1.66K,1.80%
12/7/2021,"429,830","430,739","431,679","426,200",1.26K,0.85%
12/8/2021,"427,405","430,115","432,745","426,000",1.15K,-0.56%
12/9/2021,"428,402","428,933","430,650","425,414",1.34K,0.23%
12/10/2021,"435,000","431,254","435,000","428,402",1.57K,1.54%
12/13/2021,"437,730","435,860","439,700","430,932",2.09K,0.63%
12/14/2021,"446,104","436,865","446,724","434,981",2.20K,1.91%
12/15/2021,"443,702","445,928","447,794","441,611",2.49K,-0.54%
12/16/2021,"454,550","447,540","454,550","444,655",2.23K,2.44%
12/17/2021,"443,304","448,850","449,949","441,200",2.33K,-2.47%
12/20/2021,"437,445","438,290","439,949","434,055",1.76K,-1.32%
12/21/2021,"443,000","441,315","445,379","439,385",1.35K,1.27%
12/22/2021,"444,588","441,460","444,588","440,300",1.15K,0.36%
12/23/2021,"444,654","445,395","448,250","443,525",1.51K,0.01%
12/27/2021,"447,110","444,205","447,285","444,020",2.52K,0.55%
12/28/2021,"449,570","447,562","452,244","446,405",1.48K,0.55%
12/29/2021,"452,102","452,370","453,499","450,655",1.42K,0.56%
12/30/2021,"452,700","453,728","455,000","452,545",1.56K,0.13%
12/31/2021,"450,662","449,945","455,910","449,945",1.45K,-0.45%
1/3/2022,"454,300","452,005","454,800","451,020",2.74K,0.81%
1/4/2022,"465,725","458,675","466,195","452,376",2.29K,2.51%
1/5/2022,"467,274","468,500","474,181","466,050",2.20K,0.33%
1/6/2022,"473,153","470,900","473,544","467,236",1.87K,1.26%
1/7/2022,"480,000","474,696","480,888","472,610",2.43K,1.45%
1/10/2022,"477,165","483,800","483,800","473,373",2.64K,-0.59%
1/11/2022,"480,340","479,353","480,935","473,185",1.70K,0.67%
1/12/2022,"481,700","481,190","483,250","477,094",1.73K,0.28%
1/13/2022,"483,872","482,058","485,800","481,166",1.82K,0.45%
1/14/2022,"485,379","480,280","486,999","476,336",2.01K,0.31%
1/18/2022,"480,081","484,930","487,255","477,585",2.75K,-1.09%
1/19/2022,"473,440","483,000","484,850","472,560",1.78K,-1.38%
1/20/2022,"467,390","473,973","476,625","466,602",1.77K,-1.28%
1/21/2022,"458,675","465,040","466,989","456,623",2.33K,-1.86%
1/24/2022,"456,901","449,333","457,999","445,000",3.72K,-0.39%
1/25/2022,"461,919","453,012","464,728","443,402",2.06K,1.10%
1/26/2022,"463,652","466,162","470,770","460,206",1.98K,0.38%
1/27/2022,"461,200","469,000","473,900","458,201",1.92K,-0.53%
1/28/2022,"469,880","462,560","469,880","456,281",2.00K,1.88%
1/31/2022,"469,805","467,665","470,739","462,150",2.58K,-0.02%
2/1/2022,"471,184","469,465","471,888","465,460",1.93K,0.29%
2/2/2022,"479,500","470,620","480,400","469,001",1.88K,1.76%
2/3/2022,"472,536","478,840","481,029","472,081",1.59K,-1.45%
2/4/2022,"473,364","471,990","476,888","469,101",2.01K,0.18%
2/7/2022,"474,900","474,100","477,350","468,252",1.96K,0.32%
2/8/2022,"482,030","477,670","484,200","474,112",1.66K,1.50%
2/9/2022,"483,900","485,650","488,400","482,502",1.83K,0.39%
2/10/2022,"480,105","481,000","483,726","478,000",1.77K,-0.78%
2/11/2022,"479,370","481,068","484,850","476,886",1.63K,-0.15%
2/14/2022,"472,410","479,208","481,054","468,562",2.18K,-1.45%
2/15/2022,"473,980","475,390","476,980","472,456",1.51K,0.33%
2/16/2022,"474,444","472,983","475,780","471,401",1.29K,0.10%
2/17/2022,"470,655","474,829","474,829","469,182",1.43K,-0.80%
2/18/2022,"472,257","471,528","473,920","469,091",1.53K,0.34%
2/22/2022,"471,418","470,733","473,460","466,257",2.39K,-0.18%
2/23/2022,"465,515","474,975","475,989","464,400",1.71K,-1.25%
2/24/2022,"462,110","452,928","463,490","450,000",2.75K,-0.73%
2/25/2022,"479,345","467,598","482,579","465,326",2.16K,3.73%
2/28/2022,"476,205","476,700","483,638","473,930",2.43K,-0.66%
3/1/2022,"475,879","482,000","482,151","470,645",1.82K,-0.07%
3/2/2022,"486,109","479,174","488,765","477,091",1.62K,2.15%
3/3/2022,"491,245","490,797","494,420","485,855",1.92K,1.06%
3/4/2022,"487,440","485,375","488,298","480,341",1.97K,-0.77%
3/7/2022,"484,527","491,039","492,059","480,888",2.36K,-0.60%
3/8/2022,"478,025","486,690","491,500","476,921",2.05K,-1.34%
3/9/2022,"488,245","491,339","491,550","484,184",1.66K,2.14%
3/10/2022,"487,820","484,252","490,800","482,520",1.58K,-0.09%
3/11/2022,"489,802","490,155","497,333","488,551",1.79K,0.41%
3/14/2022,"493,785","493,988","500,023","491,947",2.92K,0.81%
3/15/2022,"498,160","498,673","501,939","494,023",2.61K,0.89%
3/16/2022,"504,036","502,201","506,029","497,613",2.52K,1.18%
3/17/2022,"518,438","505,385","518,438","503,641",2.94K,2.86%
3/18/2022,"512,991","515,731","520,654","508,853",3.49K,-1.05%
3/21/2022,"525,000","517,231","526,732","515,970",3.32K,2.34%
3/22/2022,"525,854","526,201","532,530","523,500",3.73K,0.16%
3/23/2022,"521,781","523,066","528,015","519,151",2.95K,-0.77%
3/24/2022,"528,817","528,414","528,817","523,778",2.10K,1.35%
3/25/2022,"538,949","531,088","538,949","529,981",2.64K,1.92%
3/28/2022,"539,180","540,913","544,000","533,345",3.81K,0.04%
3/29/2022,"532,011","544,389","544,389","528,750",3.70K,-1.33%
3/30/2022,"536,440","531,305","537,370","527,650",2.33K,0.83%
3/31/2022,"528,921","538,660","540,420","528,921",2.33K,-1.40%
4/1/2022,"527,760","530,026","533,139","523,662",2.61K,-0.22%
4/4/2022,"518,714","529,375","532,029","516,593",4.04K,-1.71%
4/5/2022,"516,000","520,074","524,425","516,000",2.40K,-0.52%
4/6/2022,"517,002","511,475","520,369","510,241",2.05K,0.19%
4/7/2022,"519,760","519,110","521,855","513,905",2.00K,0.53%
4/8/2022,"529,000","524,139","531,040","520,276",2.13K,1.78%
4/11/2022,"527,590","528,413","531,880","524,086",2.39K,-0.27%
4/12/2022,"524,271","529,165","531,000","522,693",2.06K,-0.63%
4/13/2022,"519,800","524,135","525,900","517,973",2.02K,-0.85%
4/14/2022,"516,435","519,163","521,674","516,435",1.63K,-0.65%
4/18/2022,"519,499","516,774","521,019","514,600",3.32K,0.59%
4/19/2022,"523,260","522,339","524,208","519,001",4.17K,0.72%
4/20/2022,"522,901","525,288","526,699","521,000",4.45K,-0.07%
4/21/2022,"515,815","524,394","526,900","515,000",3.90K,-1.36%
4/22/2022,"505,440","515,050","517,444","504,514",3.46K,-2.01%
4/25/2022,"506,200","501,835","509,650","495,150",4.27K,0.15%
4/26/2022,"497,777","506,789","507,419","497,777",2.84K,-1.66%
4/27/2022,"496,800","498,093","502,799","495,069",2.54K,-0.20%
4/28/2022,"499,000","497,010","502,329","494,335",2.65K,0.44%
4/29/2022,"484,340","495,206","500,000","484,340",3.07K,-2.94%
5/2/2022,"478,150","485,921","492,125","470,692",4.07K,-1.28%
5/3/2022,"481,198","480,541","487,713","478,150",2.43K,0.64%
5/4/2022,"494,343","486,664","494,343","477,712",2.40K,2.73%
5/5/2022,"481,400","487,900","493,850","476,748",2.95K,-2.62%
5/6/2022,"479,500","482,864","483,795","475,000",2.50K,-0.39%
5/9/2022,"471,200","477,825","478,000","468,902",3.26K,-1.73%
5/10/2022,"469,780","478,465","478,750","466,052",2.40K,-0.30%
5/11/2022,"468,000","474,535","476,600","466,725",2.27K,-0.38%
5/12/2022,"461,631","460,431","464,845","454,670",2.95K,-1.36%
5/13/2022,"465,011","466,106","469,144","462,327",2.44K,0.73%
5/16/2022,"464,250","465,135","468,058","461,007",1.82K,-0.16%
5/17/2022,"471,670","470,771","478,709","468,331",2.23K,1.60%
5/18/2022,"461,000","471,053","473,285","458,620",2.51K,-2.26%
5/19/2022,"456,031","457,940","459,694","452,000",3.35K,-1.08%
5/20/2022,"456,500","462,425","462,425","448,108",2.38K,0.10%
5/23/2022,"464,510","462,639","469,080","459,371",2.32K,1.75%
5/24/2022,"463,607","465,580","465,580","455,721",1.88K,-0.19%
5/25/2022,"462,890","462,230","466,541","459,141",1.71K,-0.15%
5/26/2022,"468,805","465,146","471,602","464,951",1.75K,1.28%
5/27/2022,"478,670","472,795","478,670","470,021",1.93K,2.10%
5/31/2022,"474,050","477,890","479,309","472,110",2.85K,-0.97%
6/1/2022,"469,620","476,594","476,594","464,900",2.14K,-0.93%
6/2/2022,"472,710","472,134","472,886","463,312",2.06K,0.66%
6/3/2022,"467,650","469,925","471,789","465,850",1.95K,-1.07%
6/6/2022,"468,400","472,900","473,900","467,632",2.00K,0.16%
6/7/2022,"471,500","467,650","471,500","464,551",1.81K,0.66%
6/8/2022,"463,300","472,090","472,090","462,301",2.06K,-1.74%
6/9/2022,"452,260","464,275","464,275","451,757",2.03K,-2.38%
6/10/2022,"439,780","448,000","448,500","439,005",2.68K,-2.76%
6/13/2022,"423,700","432,489","433,869","422,438",3.21K,-3.66%
6/14/2022,"415,500","421,651","428,220","414,200",2.31K,-1.94%
6/15/2022,"418,600","423,688","426,715","411,427",2.19K,0.75%
6/16/2022,"403,971","413,375","413,375","400,669",2.81K,-3.49%
6/17/2022,"403,150","406,209","406,209","399,022",2.23K,-0.20%
6/21/2022,"407,800","412,749","412,749","405,700",2.71K,1.15%
6/22/2022,"405,649","402,568","410,483","400,741",1.87K,-0.53%
6/23/2022,"402,300","406,413","408,499","396,500",2.57K,-0.83%
6/24/2022,"417,401","405,489","419,859","402,550",2.12K,3.75%
6/27/2022,"417,700","423,279","424,085","416,750",2.40K,0.07%
6/28/2022,"412,170","421,977","423,728","411,287",1.88K,-1.32%
6/29/2022,"411,050","415,239","415,239","410,000",1.63K,-0.27%
6/30/2022,"408,950","407,634","412,869","403,567",1.69K,-0.51%
7/1/2022,"415,850","407,700","417,869","407,700",1.72K,1.69%
7/5/2022,"413,844","414,924","414,924","407,993",2.56K,-0.48%
7/6/2022,"414,148","415,539","416,500","409,661",1.71K,0.07%
7/7/2022,"419,200","416,843","419,825","415,832",1.96K,1.22%
7/8/2022,"421,800","421,258","424,200","418,977",2.02K,0.62%
7/11/2022,"417,900","420,824","422,550","417,250",2.52K,-0.92%
7/12/2022,"416,449","415,405","423,700","415,405",1.67K,-0.35%
7/13/2022,"417,250","413,910","420,795","411,385",1.80K,0.19%
7/14/2022,"412,600","412,499","413,500","407,734",1.99K,-1.11%
7/15/2022,"418,349","416,157","420,500","414,694",1.65K,1.39%
7/18/2022,"414,450","423,459","423,625","412,864",2.77K,-0.93%
7/19/2022,"425,110","421,539","426,598","417,309",2.16K,2.57%
7/20/2022,"429,200","425,260","430,059","425,260",2.21K,0.96%
7/21/2022,"430,900","432,039","432,789","423,600",2.27K,0.40%
7/22/2022,"429,562","434,424","434,808","425,911",1.99K,-0.31%
7/25/2022,"432,579","432,249","434,030","428,185",2.53K,0.70%
7/26/2022,"428,644","431,963","433,733","427,415",1.93K,-0.91%
7/27/2022,"436,100","431,500","437,783","429,290",1.94K,1.74%
7/28/2022,"442,000","436,773","442,000","430,815",2.19K,1.35%
7/29/2022,"451,700","446,035","453,985","443,617",2.89K,2.19%
8/1/2022,"444,650","451,989","451,989","443,000",3.45K,-1.56%
8/2/2022,"439,180","445,734","445,734","438,650",2.27K,-1.23%
8/3/2022,"443,450","443,964","444,851","437,005",2.57K,0.97%
8/4/2022,"442,149","444,294","445,200","440,875",2.60K,-0.29%
8/5/2022,"439,529","438,635","443,384","436,510",2.26K,-0.59%
8/8/2022,"439,167","445,259","450,000","439,010",3.13K,-0.08%
8/9/2022,"440,058","441,378","447,370","438,665",2.24K,0.20%
8/10/2022,"442,800","445,300","446,904","441,500",2.31K,0.62%
8/11/2022,"445,302","448,839","448,869","444,701",2.34K,0.57%
8/12/2022,"452,697","448,193","453,059","446,132",2.36K,1.66%
8/15/2022,"455,170","450,929","456,992","446,866",3.07K,0.55%
8/16/2022,"461,300","459,224","463,000","456,000",2.74K,1.35%
8/17/2022,"457,278","459,959","461,269","454,105",2.52K,-0.87%
8/18/2022,"457,400","458,178","458,178","453,347",2.16K,0.03%
8/19/2022,"447,155","457,004","457,004","446,512",2.66K,-2.24%
8/22/2022,"433,650","444,239","444,239","432,452",3.61K,-3.02%
8/23/2022,"435,730","436,408","438,274","432,739",2.21K,0.48%
8/24/2022,"442,210","436,625","442,318","435,010",2.18K,1.49%
8/25/2022,"448,000","444,694","448,000","440,222",2.18K,1.31%
8/26/2022,"436,201","448,973","450,868","435,770",2.54K,-2.63%
8/29/2022,"433,300","435,064","435,803","429,487",3.17K,-0.67%
8/30/2022,"429,700","436,039","436,594","428,122",2.19K,-0.83%
8/31/2022,"421,308","431,745","433,325","421,308",2.46K,-1.95%
9/1/2022,"424,290","421,000","424,907","416,882",2.54K,0.71%
9/2/2022,"417,940","429,439","429,439","415,362",2.58K,-1.50%
9/6/2022,"416,860","419,989","420,248","414,285",3.34K,-0.26%
9/7/2022,"422,047","417,000","423,247","412,675",2.12K,1.24%
9/8/2022,"426,850","420,723","426,850","416,794",2.10K,1.14%
9/9/2022,"429,819","428,918","431,348","426,000",2.32K,0.70%
9/12/2022,"433,062","432,133","434,577","429,671",3.02K,0.75%
9/13/2022,"418,700","427,939","428,446","417,599",2.90K,-3.32%
9/14/2022,"420,500","419,878","421,200","414,247",2.65K,0.43%
9/15/2022,"417,103","418,509","423,305","415,622",2.47K,-0.81%
9/16/2022,"414,537","415,200","416,540","411,161",2.74K,-0.62%
9/19/2022,"421,339","411,561","421,339","410,892",3.15K,1.64%
9/20/2022,"419,869","419,708","419,869","414,501",2.35K,-0.35%
9/21/2022,"407,930","423,754","423,754","407,585",2.51K,-2.84%
9/22/2022,"405,375","408,263","409,684","405,000",2.74K,-0.63%
9/23/2022,"404,485","403,477","404,799","399,450",3.09K,-0.22%
9/26/2022,"399,128","401,234","404,499","397,787",3.44K,-1.32%
9/27/2022,"401,490","402,858","404,000","395,202",2.96K,0.59%
9/28/2022,"410,705","404,133","414,000","400,342",2.54K,2.30%
9/29/2022,"406,700","409,808","412,716","401,227",2.79K,-0.98%
9/30/2022,"406,470","406,833","413,174","404,072",2.74K,-0.06%
10/3/2022,"413,300","409,435","414,650","405,116",3.15K,1.68%
10/4/2022,"424,180","419,663","425,535","417,422",2.50K,2.63%
10/5/2022,"420,668","419,406","423,915","416,842",2.16K,-0.83%
10/6/2022,"416,300","422,904","422,904","415,945",2.11K,-1.04%
10/7/2022,"406,010","413,767","415,639","403,600",2.41K,-2.47%
10/10/2022,"403,000","407,071","408,699","401,591",3.41K,-0.74%
10/11/2022,"402,836","401,645","409,610","400,332",2.13K,-0.04%
10/12/2022,"399,251","404,106","405,249","399,251",2.75K,-0.89%
10/13/2022,"415,222","394,152","417,860","393,012",2.58K,4.00%
10/14/2022,"412,760","419,359","421,651","412,760",3.98K,-0.59%
10/17/2022,"419,101","420,553","421,848","416,837",3.37K,1.54%
10/18/2022,"428,465","427,925","431,340","423,923",2.79K,2.23%
10/19/2022,"421,610","427,233","430,415","419,630",2.24K,-1.60%
10/20/2022,"413,950","421,045","423,875","413,950",2.21K,-1.82%
10/21/2022,"427,170","413,212","428,230","410,112",2.36K,3.19%
10/24/2022,"432,500","428,849","437,725","427,787",3.78K,1.25%
10/25/2022,"436,400","436,233","437,829","432,873",2.45K,0.90%
10/26/2022,"435,660","438,228","440,405","434,601",2.51K,-0.17%
10/27/2022,"437,900","438,783","468,795","415,639",2.39K,0.51%
10/28/2022,"451,900","441,662","451,970","440,052",2.87K,3.20%
10/31/2022,"445,050","449,277","450,838","444,750",3.85K,-1.52%
11/1/2022,"443,004","450,141","452,079","441,880",2.45K,-0.46%
11/2/2022,"438,700","439,612","449,943","437,255",2.64K,-0.97%
11/3/2022,"428,800","432,450","434,428","428,465",2.55K,-2.26%
11/4/2022,"432,000","434,463","437,250","426,136",2.69K,0.75%
11/7/2022,"438,575","439,035","442,216","434,837",3.64K,1.52%
11/8/2022,"442,100","440,405","445,435","436,312",2.52K,0.80%
11/9/2022,"435,945","441,802","444,168","434,925",2.60K,-1.39%
11/10/2022,"457,665","448,491","458,385","444,918",3.16K,4.98%
11/11/2022,"469,047","460,358","471,870","456,962",3.33K,2.49%
11/14/2022,"466,600","471,809","472,470","464,516",4.03K,-0.52%
11/15/2022,"468,233","474,063","474,483","464,625",2.91K,0.35%
11/16/2022,"465,520","470,628","471,328","463,401",2.63K,-0.58%
11/17/2022,"463,695","460,785","465,000","459,043",2.59K,-0.39%
11/18/2022,"468,290","469,643","469,643","465,395",2.68K,0.99%
11/21/2022,"468,922","467,817","471,915","464,865",3.86K,0.13%
11/22/2022,"476,980","470,609","477,410","469,217",2.82K,1.72%
11/23/2022,"477,020","476,823","477,530","473,716",2.92K,0.01%
11/25/2022,"478,676","480,350","481,580","476,281",2.66K,0.35%
11/28/2022,"472,712","474,511","478,839","471,000",4.03K,-1.25%
11/29/2022,"475,843","471,118","475,971","468,796",2.64K,0.66%
11/30/2022,"480,280","476,094","480,302","466,100",3.17K,0.93%
12/1/2022,"477,085","481,043","483,162","472,864",2.95K,-0.67%
12/2/2022,"477,403","472,705","477,526","470,680",2.79K,0.07%
12/5/2022,"468,700","475,080","476,689","466,160",4.13K,-1.82%
12/6/2022,"464,838","467,175","469,659","462,422",2.73K,-0.82%
12/7/2022,"461,593","464,303","467,081","460,408",2.89K,-0.70%
12/8/2022,"462,780","462,436","464,619","460,612",2.65K,0.26%
12/9/2022,"463,000","461,773","466,120","459,402",2.78K,0.05%
12/12/2022,"471,080","465,650","471,235","461,796",3.86K,1.75%
12/13/2022,"472,000","482,503","483,393","469,410",3.04K,0.20%
12/14/2022,"468,020","473,079","477,700","466,452",2.91K,-0.84%
12/15/2022,"457,460","464,249","464,249","452,975",3.38K,-2.26%
12/16/2022,"454,620","453,163","457,890","450,050",2.99K,-0.62%
12/19/2022,"455,280","456,494","457,244","450,245",3.81K,0.15%
12/20/2022,"457,400","457,049","460,698","446,545",2.74K,0.47%
12/21/2022,"467,600","463,000","469,220","459,151",3.04K,2.23%
12/22/2022,"458,700","465,427","469,810","450,709",3.22K,-1.90%
12/23/2022,"463,400","458,596","463,510","455,892",2.80K,1.02%
12/27/2022,"461,955","475,795","476,155","461,000",4.47K,-0.31%
12/28/2022,"459,800","465,000","465,235","445,251",3.03K,-0.47%
12/29/2022,"468,725","462,715","470,000","460,730",3.04K,1.94%
12/30/2022,"468,711","469,317","469,317","462,800",3.36K,0.00%
1/3/2023,"469,525","472,950","473,990","465,020",5.26K,0.17%
1/4/2023,"476,260","477,479","479,897","470,151",3.72K,1.43%
1/5/2023,"473,660","481,229","481,229","469,228",3.43K,-0.55%
1/6/2023,"481,955","475,990","484,151","473,300",3.88K,1.75%
1/9/2023,"478,385","483,575","487,989","476,653",5.50K,-0.74%
1/10/2023,"479,420","476,224","479,698","474,512",3.48K,0.22%
1/11/2023,"483,990","482,167","484,897","478,730",3.61K,0.95%
1/12/2023,"482,860","486,177","488,688","480,600",3.78K,-0.23%
1/13/2023,"481,021","482,430","482,430","478,000",3.86K,-0.38%
1/17/2023,"476,000","481,590","483,993","475,695",5.66K,-1.04%
1/18/2023,"466,260","477,497","479,229","465,831",4.12K,-2.05%
1/19/2023,"461,950","462,498","465,065","460,233",3.63K,-0.92%
1/20/2023,"469,645","463,914","469,755","460,635",3.83K,1.67%
1/23/2023,"469,600","471,129","473,025","464,929",5.28K,-0.01%
1/24/2023,"471,000","465,721","473,445","465,720",3.54K,0.30%
1/25/2023,"471,658","468,228","472,800","464,975",3.77K,0.14%
1/26/2023,"469,960","474,037","475,336","468,469",3.87K,-0.36%
1/27/2023,"470,000","468,410","472,885","466,576",4.19K,0.01%
1/30/2023,"465,040","466,790","469,540","464,932",5.26K,-1.06%
1/31/2023,"473,000","467,724","473,000","463,085",3.91K,1.71%
2/1/2023,"470,606","469,923","473,690","464,528",4.42K,-0.51%
2/2/2023,"472,115","473,852","474,898","467,055",4.59K,0.32%
2/3/2023,"466,755","471,303","471,795","462,757",4.60K,-1.14%
2/6/2023,"467,000","465,407","467,096","462,434",5.01K,0.05%
2/7/2023,"474,555","467,394","475,500","463,820",4.10K,1.62%
2/8/2023,"467,999","471,620","475,125","467,125",4.00K,-1.38%
2/9/2023,"466,020","470,094","472,222","466,020",3.74K,-0.42%
2/10/2023,"472,250","466,217","472,500","463,632",4.10K,1.34%
2/13/2023,"476,500","469,036","477,979","469,036",5.47K,0.90%
2/14/2023,"472,500","478,387","478,387","470,145",3.89K,-0.84%
2/15/2023,"469,045","473,091","473,091","467,800",4.33K,-0.73%
2/16/2023,"467,295","466,586","470,625","465,037",3.79K,-0.37%
2/17/2023,"467,373","473,104","473,104","462,482",4.01K,0.02%
2/21/2023,"458,495","464,947","466,575","455,290",6.41K,-1.90%
2/22/2023,"460,012","459,153","463,635","457,927",4.09K,0.33%
2/23/2023,"459,375","463,105","463,830","455,628",4.09K,-0.14%
2/24/2023,"461,705","456,300","464,013","454,955",4.64K,0.51%
2/27/2023,"461,912","462,910","463,950","458,090",6.50K,0.04%
2/28/2023,"463,525","462,524","464,530","459,970",4.05K,0.35%
3/1/2023,"462,435","460,829","463,618","458,442",4.21K,-0.24%
3/2/2023,"466,790","461,964","467,007","457,179",3.99K,0.94%
3/3/2023,"473,256","469,298","473,427","467,448",4.53K,1.39%
3/6/2023,"480,215","476,182","480,945","472,486",6.26K,1.47%
3/7/2023,"471,500","479,733","481,824","470,255",4.41K,-1.81%
3/8/2023,"472,002","471,518","474,129","468,800",4.03K,0.11%
3/9/2023,"461,030","471,004","474,834","460,924",4.17K,-2.32%
3/10/2023,"460,462","460,775","464,750","457,232",4.54K,-0.12%
3/13/2023,"458,050","457,112","464,055","455,250",6.04K,-0.52%
3/14/2023,"461,805","464,928","465,670","457,000",4.09K,0.82%
3/15/2023,"448,671","455,001","456,729","446,275",5.18K,-2.84%
3/16/2023,"455,350","447,520","458,758","445,695",5.11K,1.49%
3/17/2023,"442,765","453,738","455,608","442,364",5.26K,-2.76%
3/20/2023,"455,917","446,749","456,840","444,894",6.05K,2.97%
3/21/2023,"460,515","462,471","463,854","458,600",4.49K,1.01%
3/22/2023,"455,660","461,085","465,552","454,713",4.19K,-1.05%
3/23/2023,"452,750","457,527","459,924","449,950",4.35K,-0.64%
3/24/2023,"453,066","448,612","455,820","445,886",4.49K,0.07%
3/27/2023,"457,820","456,217","460,931","453,852",5.54K,1.05%
3/28/2023,"459,000","458,031","459,443","456,117",3.90K,0.26%
3/29/2023,"462,100","461,814","463,604","459,979",4.01K,0.68%
3/30/2023,"461,780","468,029","468,029","457,562",4.25K,-0.07%
3/31/2023,"465,600","462,416","466,805","461,434",4.39K,0.83%
4/3/2023,"469,760","468,875","471,770","465,570",6.53K,0.89%
4/4/2023,"467,660","472,053","472,053","464,855",4.35K,-0.45%
4/5/2023,"471,500","467,140","472,000","464,694",5.10K,0.82%
4/6/2023,"478,005","473,479","478,581","467,601",5.10K,1.38%
4/10/2023,"476,500","474,804","485,000","471,706",7.21K,-0.31%
4/11/2023,"480,800","476,618","483,720","474,227",4.74K,0.90%
4/12/2023,"483,500","484,184","486,980","482,018",5.14K,0.56%
4/13/2023,"490,760","483,904","500,000","481,321",5.51K,1.50%
4/14/2023,"496,000","493,920","500,001","489,776",5.82K,1.07%
4/17/2023,"497,900","485,731","503,735","485,731",6.72K,0.38%
4/18/2023,"496,200","492,571","505,949","492,571",4.98K,-0.34%
4/19/2023,"494,948","497,800","497,800","491,590",4.60K,-0.25%
4/20/2023,"496,300","492,897","497,371","488,221",4.58K,0.27%
4/21/2023,"496,405","495,307","499,079","492,891",4.83K,0.02%
4/24/2023,"498,250","496,363","500,279","494,659",6.09K,0.37%
4/25/2023,"495,112","495,901","499,975","494,619",4.90K,-0.63%
4/26/2023,"491,500","496,824","499,999","490,350",4.81K,-0.73%
4/27/2023,"499,700","497,200","500,000","492,072",4.72K,1.67%
4/28/2023,"502,880","497,818","503,000","495,916",5.44K,0.64%
5/1/2023,"503,400","502,856","506,000","501,485",7.43K,0.10%
5/2/2023,"494,100","503,408","505,320","492,584",5.69K,-1.85%
5/3/2023,"488,606","496,237","498,452","488,606",5.16K,-1.11%
5/4/2023,"489,540","490,456","497,864","486,821",5.12K,0.19%
5/5/2023,"491,840","494,407","497,080","490,000",5.75K,0.47%
5/8/2023,"497,000","497,248","502,055","495,500",7.21K,1.05%
5/9/2023,"499,000","495,001","499,000","492,495",5.15K,0.40%
5/10/2023,"492,000","500,010","502,278","488,675",6.01K,-1.40%
5/11/2023,"493,000","489,430","493,000","487,000",5.01K,0.20%
5/12/2023,"491,183","494,997","497,781","488,991",5.15K,-0.37%
5/15/2023,"495,900","492,844","497,580","489,001",7.34K,0.96%
5/16/2023,"498,620","493,583","499,999","490,756",6.63K,0.55%
5/17/2023,"500,600","498,176","503,000","494,787",6.00K,0.40%
5/18/2023,"504,360","502,450","505,420","498,125",5.88K,0.75%
5/19/2023,"507,161","505,890","511,335","503,905",6.40K,0.56%
5/22/2023,"501,148","506,673","509,654","500,697",9.71K,-1.19%
5/23/2023,"491,980","499,999","502,200","490,950",6.08K,-1.83%
5/24/2023,"486,545","491,536","494,039","484,394",5.97K,-1.10%
5/25/2023,"484,000","484,591","490,300","482,500",5.65K,-0.52%
5/26/2023,"486,650","486,973","489,900","484,811",5.80K,0.55%
5/30/2023,"489,225","489,006","490,572","484,736",8.12K,0.53%
5/31/2023,"488,024","488,339","490,541","485,565",5.67K,-0.25%
6/1/2023,"492,000","489,307","492,791","486,125",5.68K,0.81%
6/2/2023,"503,000","494,932","503,777","493,283",6.53K,2.24%
6/5/2023,"498,927","502,086","505,613","497,500",8.14K,-0.81%
6/6/2023,"508,200","499,063","509,400","497,601",6.10K,1.86%
6/7/2023,"511,795","509,406","512,695","504,649",6.23K,0.71%
6/8/2023,"512,514","511,667","513,851","509,750",5.87K,0.14%
6/9/2023,"510,840","512,625","515,000","510,391",6.24K,-0.33%
6/12/2023,"509,004","511,725","515,739","504,490",8.34K,-0.36%
6/13/2023,"513,656","507,627","514,000","505,531",5.93K,0.91%
6/14/2023,"510,000","519,500","521,898","509,268",6.80K,-0.71%
6/15/2023,"516,391","514,770","522,000","510,000",6.49K,1.25%
6/16/2023,"514,000","522,000","522,000","513,368",6.53K,-0.46%
6/20/2023,"515,000","515,413","518,314","512,436",8.41K,0.19%
6/21/2023,"515,515","514,802","519,722","512,636",6.68K,0.10%
6/22/2023,"511,480","516,040","519,064","509,058",6.46K,-0.78%
6/23/2023,"510,000","513,634","513,634","507,100",6.20K,-0.29%
6/26/2023,"507,000","507,861","512,132","504,112",8.29K,-0.59%
6/27/2023,"510,580","507,983","511,295","506,537",5.49K,0.71%
6/28/2023,"506,650","511,385","512,479","505,000",6.52K,-0.77%
6/29/2023,"512,260","508,229","512,260","506,527",5.86K,1.11%
6/30/2023,"517,810","514,571","520,500","513,645",6.94K,1.08%
7/3/2023,"519,460","519,086","520,000","514,585",8.21K,0.32%
7/5/2023,"521,000","518,015","522,340","515,001",7.73K,0.30%
7/6/2023,"519,800","517,297","521,000","513,874",6.19K,-0.23%
7/7/2023,"521,620","519,227","525,000","517,617",6.56K,0.35%
7/10/2023,"517,136","520,365","525,412","516,953",8.97K,-0.86%
7/11/2023,"521,385","518,197","522,055","516,914",6.32K,0.82%
7/12/2023,"525,400","523,772","526,000","522,315",6.62K,0.77%
7/13/2023,"521,833","525,806","527,367","521,758",6.89K,-0.68%
7/14/2023,"517,408","524,262","525,907","517,294",7.06K,-0.85%
7/17/2023,"523,500","518,473","525,000","516,972",8.48K,1.18%
7/18/2023,"524,750","523,265","528,000","521,743",6.43K,0.24%
7/19/2023,"520,500","523,858","528,554","519,753",7.12K,-0.81%
7/20/2023,"526,240","520,374","526,938","518,403",6.75K,1.10%
7/21/2023,"527,750","526,401","529,825","523,925",7.63K,0.29%
7/24/2023,"532,647","532,484","535,433","524,251",9.46K,0.93%
7/25/2023,"528,453","532,268","534,299","526,271",7.02K,-0.79%
7/26/2023,"531,900","529,063","533,000","526,126",6.46K,0.65%
7/27/2023,"531,650","533,273","535,555","531,500",6.63K,-0.05%
7/28/2023,"533,113","534,222","536,563","531,889",6.85K,0.28%
7/31/2023,"535,400","535,187","538,499","532,000",9.04K,0.43%
8/1/2023,"534,400","540,179","540,179","533,101",7.09K,-0.19%
8/2/2023,"533,800","533,879","535,561","531,000",6.92K,-0.11%
8/3/2023,"541,000","532,482","541,000","531,000",6.78K,1.35%
8/4/2023,"533,600","540,021","541,774","532,550",7.67K,-1.37%
8/7/2023,"551,920","540,676","555,800","538,323",11.30K,3.43%
8/8/2023,"553,101","547,683","554,000","545,087",8.08K,0.21%
8/9/2023,"545,280","554,551","556,117","543,250",7.86K,-1.41%
8/10/2023,"543,680","547,904","551,500","540,995",7.05K,-0.29%
8/11/2023,"542,900","541,216","545,042","536,800",7.43K,-0.14%
8/14/2023,"543,150","544,441","546,225","541,465",8.73K,0.05%
8/15/2023,"538,107","542,377","544,493","536,555",6.79K,-0.93%
8/16/2023,"537,497","537,721","544,050","535,939",6.92K,-0.11%
8/17/2023,"535,821","537,859","541,182","529,000",6.84K,-0.31%
8/18/2023,"535,817","533,891","537,715","531,970",7.19K,0.00%
8/21/2023,"534,700","537,448","539,061","531,000",9.18K,-0.21%
8/22/2023,"531,840","535,932","537,000","530,865",6.75K,-0.53%
8/23/2023,"537,150","533,077","537,811","531,294",6.40K,1.00%
8/24/2023,"537,780","537,308","541,885","535,111",6.62K,0.12%
8/25/2023,"540,000","540,973","542,000","535,850",7.04K,0.41%
8/28/2023,"539,605","542,060","544,160","538,000",8.95K,-0.07%
8/29/2023,"543,593","539,294","543,900","537,000",7.01K,0.74%
8/30/2023,"547,348","544,250","551,278","542,615",7.38K,0.69%
8/31/2023,"546,725","549,652","551,113","545,082",7.58K,-0.11%
9/1/2023,"550,000","548,601","550,995","546,454",8.16K,0.60%
9/5/2023,"546,627","551,497","557,027","546,000",10.66K,-0.61%
9/6/2023,"548,660","546,197","550,112","544,520",7.57K,0.37%
9/7/2023,"548,930","544,902","551,327","544,902",7.42K,0.05%
9/8/2023,"551,405","549,384","553,220","547,336",7.38K,0.45%
9/11/2023,"555,309","553,847","556,900","552,243",10.01K,0.71%
9/12/2023,"557,415","554,000","561,662","554,000",8.29K,0.38%
9/13/2023,"557,955","560,065","562,459","555,001",7.70K,0.10%
9/14/2023,"561,740","560,729","562,481","558,568",7.60K,0.68%
9/15/2023,"559,500","559,749","563,136","557,471",8.34K,-0.40%
9/18/2023,"562,800","559,862","563,445","557,963",10.08K,0.59%
9/19/2023,"563,073","563,542","566,570","559,100",7.76K,0.05%
9/20/2023,"556,580","563,549","564,862","556,250",7.85K,-1.15%
9/21/2023,"551,030","555,476","558,032","550,500",7.83K,-1.00%
9/22/2023,"546,215","551,304","553,097","545,410",8.09K,-0.87%
9/25/2023,"548,360","544,977","549,033","542,482",9.50K,0.39%
9/26/2023,"545,870","545,104","547,380","543,213",7.34K,-0.45%
9/27/2023,"542,495","546,982","548,652","537,500",7.95K,-0.62%
9/28/2023,"541,105","542,978","545,360","540,875",7.02K,-0.26%
9/29/2023,"531,477","542,758","544,264","529,000",8.76K,-1.78%
10/2/2023,"527,960","531,214","532,938","524,000",10.71K,-0.66%
10/3/2023,"521,919","527,206","529,952","519,300",7.61K,-1.14%
10/4/2023,"521,675","520,739","522,783","515,110",7.80K,-0.05%
10/5/2023,"523,545","522,287","524,935","519,650",7.16K,0.36%
10/6/2023,"525,425","524,162","529,080","518,565",7.90K,0.36%
10/9/2023,"523,690","520,964","525,070","520,000",9.42K,-0.33%
10/10/2023,"528,530","527,976","530,500","524,065",7.27K,0.92%
10/11/2023,"528,820","531,440","533,864","523,175",7.67K,0.05%
10/12/2023,"524,517","528,765","530,440","520,550",7.53K,-0.81%
10/13/2023,"522,700","525,493","528,798","522,000",7.44K,-0.35%
10/16/2023,"527,475","527,958","531,300","525,380",9.11K,0.91%
10/17/2023,"527,750","525,924","530,475","524,000",7.07K,0.05%
10/18/2023,"518,145","526,116","528,031","517,200",7.64K,-1.82%
10/19/2023,"515,550","518,293","520,675","514,425",6.99K,-0.50%
10/20/2023,"511,000","514,438","517,954","508,815",7.79K,-0.88%
10/23/2023,"512,500","508,564","515,890","507,122",8.92K,0.29%
10/24/2023,"516,250","514,760","516,975","513,072",6.71K,0.73%
10/25/2023,"512,400","514,932","516,735","511,750",7.08K,-0.75%
10/26/2023,"510,125","512,653","515,000","508,321",7.21K,-0.44%
10/27/2023,"503,375","509,479","511,180","502,000",7.91K,-1.32%
10/30/2023,"513,065","505,703","513,700","504,050",8.84K,1.92%
10/31/2023,"517,825","513,630","518,780","512,036",6.61K,0.93%
11/1/2023,"523,749","517,662","538,000","515,921",7.42K,1.14%
11/2/2023,"530,340","527,362","530,800","523,701",7.15K,1.26%
11/3/2023,"533,815","533,032","537,565","531,024",8.01K,0.66%
11/6/2023,"526,450","538,674","541,143","522,208",11.22K,-1.38%
11/7/2023,"525,280","525,816","528,200","522,475",7.32K,-0.22%
11/8/2023,"526,660","525,821","528,000","523,050",7.25K,0.26%
11/9/2023,"528,225","528,812","531,125","526,310",7.08K,0.30%
11/10/2023,"531,886","531,935","535,945","527,926",7.75K,0.69%
11/13/2023,"531,288","533,683","537,355","528,925",9.42K,-0.11%
11/14/2023,"537,400","535,813","540,000","532,756",7.23K,1.15%
11/15/2023,"542,500","538,345","543,615","536,701",7.62K,0.95%
11/16/2023,"546,635","543,156","548,200","539,766",7.32K,0.76%
11/17/2023,"544,190","547,922","550,000","542,850",8.01K,-0.45%
11/20/2023,"547,836","544,468","550,765","542,867",9.92K,0.67%
11/21/2023,"547,625","546,992","550,664","545,180",7.22K,-0.04%
11/22/2023,"549,520","549,225","550,843","546,403",7.27K,0.35%
11/24/2023,"549,500","549,943","550,995","547,900",7.71K,0.00%
11/27/2023,"547,445","549,505","553,258","545,425",9.91K,-0.37%
11/28/2023,"546,869","547,930","549,189","545,882",6.93K,-0.11%
11/29/2023,"543,905","546,952","548,750","543,615",7.58K,-0.54%
11/30/2023,"545,900","544,762","546,796","543,600",7.42K,0.37%
12/1/2023,"542,414","545,957","547,067","538,805",8.89K,-0.64%
12/4/2023,"542,395","541,161","543,114","537,000",10.13K,0.00%
12/5/2023,"539,250","539,845","545,980","535,140",7.50K,-0.58%
12/6/2023,"535,220","542,181","544,350","535,220",7.52K,-0.75%
12/7/2023,"537,780","536,072","538,820","533,700",6.96K,0.48%
12/8/2023,"540,000","538,004","542,144","534,914",7.64K,0.41%
12/11/2023,"546,907","540,632","550,000","535,881",10.39K,1.28%
12/12/2023,"549,240","545,954","554,000","545,797",7.87K,0.43%
12/13/2023,"555,800","551,682","556,730","549,373",7.81K,1.19%
12/14/2023,"549,760","558,014","560,513","546,540",8.11K,-1.09%
12/15/2023,"544,478","547,249","550,780","538,512",8.43K,-0.96%
12/18/2023,"551,182","546,525","555,375","545,079",10.47K,1.23%
12/19/2023,"554,650","552,722","556,367","549,720",7.50K,0.63%
12/20/2023,"543,740","553,885","556,000","543,000",8.15K,-1.97%
12/21/2023,"541,000","545,138","547,495","538,260",7.70K,-0.50%
12/22/2023,"542,600","543,209","546,100","540,177",7.84K,0.30%
12/26/2023,"543,635","541,225","546,000","540,786",10.89K,0.19%
12/27/2023,"543,750","543,003","545,187","540,226",7.62K,0.02%
12/28/2023,"545,000","543,683","548,889","540,005",7.38K,0.23%
12/29/2023,"542,625","543,924","545,173","540,100",8.11K,-0.44%
1/2/2024,"549,787","539,496","550,500","539,496",12.03K,1.32%
1/3/2024,"556,050","549,272","557,900","547,106",9.53K,1.14%
1/4/2024,"551,550","557,707","560,400","551,100",9.06K,-0.81%
1/5/2024,"554,300","555,300","555,684","549,896",8.11K,0.50%
1/8/2024,"558,780","558,068","558,830","552,240",10.87K,0.81%
1/9/2024,"556,500","558,396","559,315","553,270",7.84K,-0.41%
1/10/2024,"557,590","556,223","560,985","555,000",7.97K,0.20%
1/11/2024,"551,695","557,553","558,534","550,000",8.29K,-1.06%
1/12/2024,"551,800","556,150","556,975","550,000",8.12K,0.02%
1/16/2024,"547,520","551,287","551,713","546,077",11.87K,-0.78%
1/17/2024,"545,250","545,847","549,845","543,236",8.36K,-0.41%
1/18/2024,"549,477","546,103","549,850","543,375",7.82K,0.78%
1/19/2024,"556,710","549,451","558,685","547,750",8.83K,1.32%
1/22/2024,"558,316","557,031","560,960","555,730",11.60K,0.29%
1/23/2024,"564,133","558,555","564,810","557,245",8.64K,1.04%
1/24/2024,"570,977","565,053","572,728","564,000",9.56K,1.21%
1/25/2024,"576,211","576,436","577,252","571,800",9.35K,0.92%
1/26/2024,"582,300","577,154","582,896","574,800",10.04K,1.06%
1/29/2024,"578,800","582,248","585,349","572,375",13.85K,-0.60%
1/30/2024,"584,680","577,853","584,765","575,246",9.76K,1.02%
1/31/2024,"578,020","583,773","585,140","578,020",9.75K,-1.14%
2/1/2024,"581,600","579,638","582,500","575,060",9.78K,0.62%
2/2/2024,"589,498","582,190","590,000","579,791",10.58K,1.36%
2/5/2024,"589,404","588,726","592,665","585,090",13.48K,-0.02%
2/6/2024,"592,370","588,028","593,000","586,418",10.02K,0.50%
2/7/2024,"599,300","593,795","600,531","592,933",10.88K,1.17%
2/8/2024,"597,000","596,493","600,000","594,510",10.63K,-0.38%
2/9/2024,"599,090","597,889","599,090","595,720",10.54K,0.35%
2/12/2024,"597,092","600,015","600,635","596,000",14.03K,-0.33%
2/13/2024,"593,850","598,179","601,000","590,340",10.76K,-0.54%
2/14/2024,"601,000","595,655","601,000","592,755",10.31K,1.20%
2/15/2024,"607,000","602,694","608,500","600,000",11.37K,1.00%
2/16/2024,"610,086","607,983","612,395","605,721",12.60K,0.51%
2/20/2024,"613,140","611,885","619,237","611,020",20.28K,0.50%
2/21/2024,"617,011","613,998","617,550","612,052",12.71K,0.63%
2/22/2024,"625,510","620,749","626,947","617,661",13.32K,1.38%
2/23/2024,"628,930","629,210","632,820","626,900",14.24K,0.55%
2/26/2024,"615,356","634,902","647,039","615,356",20.83K,-2.16%
2/27/2024,"617,300","616,959","619,849","605,000",14.59K,0.32%
2/28/2024,"621,055","614,827","625,000","613,777",13.26K,0.61%
2/29/2024,"616,561","623,019","624,775","615,150",13.57K,-0.72%
3/1/2024,"613,965","617,727","619,399","611,185",14.55K,-0.42%
3/4/2024,"608,140","611,956","613,909","605,000",18.32K,-0.95%
3/5/2024,"604,619","607,378","608,719","600,401",13.39K,-0.58%
3/6/2024,"607,453","606,297","613,900","605,051",12.83K,0.47%
3/7/2024,"605,560","611,416","614,089","601,355",12.88K,-0.31%
3/8/2024,"609,748","605,164","609,748","601,746",13.45K,0.69%
3/11/2024,"607,756","608,130","611,735","605,130",16.51K,-0.33%
3/12/2024,"609,710","612,493","613,753","609,000",11.58K,0.32%
3/13/2024,"613,900","610,247","615,645","608,503",12.12K,0.69%
3/14/2024,"612,500","615,655","617,260","607,130",11.97K,-0.23%
3/15/2024,"618,134","606,329","619,440","604,261",13.51K,0.92%
3/18/2024,"617,880","618,164","621,644","613,000",16.73K,-0.04%
3/19/2024,"622,777","616,872","622,893","615,000",12.56K,0.79%
3/20/2024,"628,390","623,514","628,664","619,341",12.88K,0.90%
3/21/2024,"625,095","630,472","633,349","625,000",13.09K,-0.52%
3/22/2024,"623,040","623,558","626,334","621,121",12.84K,-0.33%
3/25/2024,"619,500","622,726","625,000","617,521",16.55K,-0.57%
3/26/2024,"622,380","619,805","623,790","616,716",12.66K,0.46%
3/27/2024,"629,610","625,082","630,000","621,646",12.88K,1.16%
3/28/2024,"634,440","630,365","634,800","628,150",13.08K,0.77%
4/1/2024,"634,030","634,831","637,350","629,565",21.07K,-0.06%
4/2/2024,"630,289","634,792","637,637","629,648",13.36K,-0.59%
4/3/2024,"633,899","631,182","635,100","629,796",13.17K,0.57%
4/4/2024,"628,420","638,862","641,148","626,439",13.49K,-0.86%
4/5/2024,"631,255","630,100","633,809","626,391",13.26K,0.45%
4/8/2024,"628,640","631,663","633,800","628,085",16.88K,-0.41%
4/9/2024,"626,900","629,422","630,600","623,080",12.99K,-0.28%
4/10/2024,"618,950","623,855","626,246","616,500",13.42K,-1.27%
4/11/2024,"616,670","618,460","622,364","611,050",12.80K,-0.37%
4/12/2024,"608,091","613,407","615,652","608,000",13.67K,-1.39%
4/15/2024,"604,500","613,163","618,112","604,300",17.13K,-0.59%
4/16/2024,"598,160","606,513","610,199","598,160",12.77K,-1.05%
4/17/2024,"600,300","600,651","602,900","596,000",12.79K,0.36%
4/18/2024,"604,144","601,345","607,875","598,311",12.20K,0.64%
4/19/2024,"611,244","604,381","611,244","602,661",13.40K,1.18%
4/22/2024,"617,284","616,550","619,765","611,521",18.07K,0.99%
4/23/2024,"615,175","619,780","622,139","608,251",13.06K,-0.34%
4/24/2024,"613,420","615,467","618,989","610,000",12.75K,-0.29%
4/25/2024,"611,560","612,589","614,099","605,750",12.49K,-0.30%
4/26/2024,"606,920","610,258","612,739","606,032",13.58K,-0.76%
4/29/2024,"605,500","606,000","611,041","604,669",16.54K,-0.23%
4/30/2024,"599,500","607,189","607,189","599,500",12.91K,-0.99%
5/1/2024,"602,100","596,421","607,055","596,421",13.47K,0.43%
5/2/2024,"606,413","609,950","609,950","600,586",12.44K,0.72%
5/3/2024,"603,000","612,883","616,000","602,415",13.99K,-0.56%
5/6/2024,"608,795","609,364","612,000","601,500",17.97K,0.96%
5/7/2024,"611,258","612,000","613,160","607,850",13.01K,0.40%
5/8/2024,"612,100","611,543","613,000","608,035",13.22K,0.14%
5/9/2024,"615,835","611,970","615,835","609,606",12.60K,0.61%
5/10/2024,"622,000","620,000","622,000","615,441",14.08K,1.00%
5/13/2024,"621,000","624,401","626,700","619,385",17.72K,-0.16%
5/14/2024,"619,250","619,501","622,000","616,490",13.69K,-0.28%
5/15/2024,"622,815","619,654","624,260","616,711",13.74K,0.58%
5/16/2024,"625,100","625,889","628,582","620,706",14.94K,0.37%
5/17/2024,"629,375","626,550","629,555","622,141",14.38K,0.68%
5/20/2024,"623,250","629,418","632,234","623,000",15.76K,-0.97%
5/21/2024,"625,150","624,826","627,500","621,961",11.91K,0.30%
5/22/2024,"625,100","625,706","630,000","623,648",11.80K,-0.01%
5/23/2024,"612,320","624,250","625,500","612,055",12.49K,-2.04%
5/24/2024,"615,900","615,271","616,412","612,117",12.18K,0.58%
5/28/2024,"609,000","615,850","617,626","607,320",17.56K,-1.12%
5/29/2024,"608,816","609,171","613,468","607,135",12.18K,-0.03%
5/30/2024,"617,690","608,847","617,700","607,500",11.55K,1.46%
5/31/2024,"627,400","617,941","627,400","614,686",12.43K,1.57%
6/3/2024,"631,110","625,735","741,971","623,520",9.79K,0.59%
6/4/2024,"617,435","634,999","634,999","612,375",18.71K,-2.17%
6/5/2024,"618,000","617,250","619,850","611,720",14.91K,0.09%
6/6/2024,"620,000","617,885","620,000","614,235",12.68K,0.32%
6/7/2024,"622,291","618,894","626,000","617,795",2.30K,0.37%
6/10/2024,"617,700","623,667","623,667","616,500",2.88K,-0.74%
6/11/2024,"615,769","615,978","615,978","611,050",2.19K,-0.31%
6/12/2024,"615,592","619,446","619,835","613,250",2.02K,-0.03%
6/13/2024,"611,500","614,838","616,000","607,340",2.73K,-0.66%
6/14/2024,"610,900","609,134","612,000","607,957",1.95K,-0.10%
6/17/2024,"613,860","610,584","613,860","607,888",2.54K,0.48%
6/18/2024,"615,000","612,222","615,000","610,100",1.86K,0.19%
6/20/2024,"617,250","613,556","617,845","607,290",2.91K,0.37%
6/21/2024,"615,001","616,697","618,195","613,195",1.77K,-0.36%
6/24/2024,"624,082","617,136","627,160","615,811",2.76K,1.48%
6/25/2024,"620,800","623,716","623,716","617,110",1.79K,-0.53%
6/26/2024,"617,071","618,212","618,446","614,229",1.54K,-0.60%
6/27/2024,"615,000","617,544","617,945","611,600",2.25K,-0.34%
6/28/2024,"612,241","614,971","617,155","611,827",1.62K,-0.45%
7/1/2024,"610,460","614,967","617,135","608,100",2.23K,-0.29%
7/2/2024,"610,668","608,906","613,149","607,955",1.39K,0.03%
7/3/2024,"611,375","612,842","612,842","608,520",1.24K,0.12%
7/5/2024,"618,545","611,929","619,174","609,731",2.09K,1.17%
7/8/2024,"614,425","618,689","622,760","613,205",2.76K,-0.67%
7/9/2024,"619,000","615,105","622,068","613,878",1.66K,0.74%
7/10/2024,"622,507","618,404","622,812","616,000",2.15K,0.57%
7/11/2024,"629,080","623,513","630,100","620,000",1.79K,1.06%
7/12/2024,"639,500","632,000","643,333","630,501",2.01K,1.66%
7/15/2024,"652,997","640,681","653,861","639,541",2.61K,2.11%
7/16/2024,"660,388","657,735","660,752","653,165",1.96K,1.13%
7/17/2024,"671,280","658,756","671,370","656,501",2.21K,1.65%
7/18/2024,"662,820","670,291","676,107","660,870",1.99K,-1.26%
7/19/2024,"652,040","663,908","665,550","651,000",1.86K,-1.63%
7/22/2024,"655,260","654,620","657,773","649,449",1.89K,0.49%
7/23/2024,"651,580","656,586","657,555","651,520",1.32K,-0.56%
7/24/2024,"650,080","651,725","653,820","647,112",1.33K,-0.23%
7/25/2024,"649,950","647,909","659,605","645,847",1.32K,-0.02%
7/26/2024,"657,180","653,044","658,595","651,164",1.35K,1.11%
7/29/2024,"658,060","657,567","660,500","653,540",1.96K,0.13%
7/30/2024,"662,125","659,078","666,022","657,733",1.64K,0.62%
7/31/2024,"659,211","661,914","661,914","657,159",1.50K,-0.44%
8/1/2024,"647,000","659,903","661,286","647,000",1.92K,-1.85%
8/2/2024,"641,435","645,788","654,555","636,190",1.84K,-0.86%
8/5/2024,"620,040","619,493","626,755","609,579",4.46K,-3.34%
8/6/2024,"633,175","625,120","641,130","622,480",2.37K,2.12%
8/7/2024,"641,000","641,500","649,483","638,716",1.60K,1.24%
8/8/2024,"648,888","644,425","648,888","641,244",1.35K,1.23%
8/9/2024,"647,523","648,525","652,041","645,672",1.24K,-0.21%
8/12/2024,"646,450","651,095","651,337","643,885",1.78K,-0.17%
8/13/2024,"649,105","647,557","650,000","639,456",1.43K,0.41%
8/14/2024,"657,122","650,282","658,427","648,105",1.25K,1.24%
8/15/2024,"661,145","661,860","663,915","658,004",1.43K,0.61%
8/16/2024,"667,130","662,468","667,771","660,121",1.39K,0.91%
8/19/2024,"672,940","669,043","675,651","667,841",2.08K,0.87%
8/20/2024,"672,400","674,185","675,575","669,575",1.48K,-0.08%
8/21/2024,"669,500","674,795","675,500","666,100",1.34K,-0.43%
8/22/2024,"674,000","670,559","674,172","666,906",1.43K,0.67%
8/23/2024,"680,330","675,400","680,342","673,379",1.39K,0.94%
8/26/2024,"682,200","682,960","688,651","680,180",1.94K,0.27%
8/27/2024,"691,350","682,246","692,940","682,126",1.53K,1.34%
8/28/2024,"696,502","691,309","699,837","689,221",1.86K,0.75%
8/29/2024,"702,320","700,563","704,650","694,724",1.97K,0.84%
8/30/2024,"715,300","705,674","715,300","704,406",1.77K,1.85%
9/3/2024,"715,910","711,879","723,866","710,844",3.59K,0.09%
9/4/2024,"715,778","718,360","727,115","711,466",2.17K,-0.02%
9/5/2024,"696,160","718,849","718,851","694,633",2.47K,-2.74%
9/6/2024,"689,287","695,966","702,228","687,951",2.03K,-0.99%
9/9/2024,"689,280","695,039","699,202","688,830",2.29K,0.00%
9/10/2024,"688,076","693,130","696,614","684,305",1.67K,-0.17%
9/11/2024,"680,040","686,972","687,143","667,886",2.17K,-1.17%
9/12/2024,"675,380","681,633","682,448","673,972",1.62K,-0.69%
9/13/2024,"671,750","677,352","678,234","671,000",1.91K,-0.54%
9/16/2024,"677,731","673,038","678,828","671,436",1.90K,0.89%
9/17/2024,"685,250","680,703","691,164","679,124",1.31K,1.11%
9/18/2024,"686,859","687,500","688,903","682,214",1.25K,0.23%
9/19/2024,"687,840","692,979","693,775","686,000",1.49K,0.14%
9/20/2024,"685,490","687,270","687,270","680,940",1.68K,-0.34%
9/23/2024,"685,320","685,756","689,680","680,510",1.99K,-0.02%
9/24/2024,"683,913","682,820","683,967","678,819",1.46K,-0.21%
9/25/2024,"679,850","683,447","684,000","678,243",1.37K,-0.59%
9/26/2024,"683,340","678,739","685,908","677,501",1.32K,0.51%
9/27/2024,"686,182","683,957","687,677","682,200",1.17K,0.42%
9/30/2024,"691,180","687,410","691,562","682,845",1.70K,0.73%
10/1/2024,"685,000","689,737","689,848","682,612",1.68K,-0.89%
10/2/2024,"685,000","687,660","687,828","681,538",1.37K,0.00%
10/3/2024,"678,640","681,673","683,805","676,597",1.42K,-0.93%
10/4/2024,"693,839","681,701","693,839","680,401",1.36K,2.24%
10/7/2024,"680,000","693,481","693,481","678,640",2.23K,-1.99%
10/8/2024,"678,000","683,090","686,000","678,000",1.19K,-0.29%
10/9/2024,"683,400","679,444","686,725","678,258",1.09K,0.80%
10/10/2024,"682,470","685,932","687,848","679,100",1.32K,-0.14%
10/11/2024,"691,500","682,894","694,780","681,960",1.47K,1.32%
10/14/2024,"685,000","692,695","693,598","685,000",1.90K,-0.94%
10/15/2024,"693,614","691,717","699,583","689,997",1.45K,1.26%
10/16/2024,"699,413","697,415","699,413","693,925",1.20K,0.84%
10/17/2024,"697,640","701,664","701,858","696,939",1.30K,-0.25%
10/18/2024,"698,500","699,483","700,670","695,105",1.27K,0.12%
10/21/2024,"698,000","697,639","698,634","692,966",1.76K,-0.07%
10/22/2024,"692,600","696,199","698,065","687,457",1.39K,-0.77%
10/23/2024,"691,220","691,262","695,422","688,500",1.06K,-0.20%
10/24/2024,"687,000","691,845","692,021","682,016",1.56K,-0.61%
10/25/2024,"681,999","687,548","689,299","680,300",1.79K,-0.73%
10/28/2024,"688,354","683,583","688,840","681,851",1.78K,0.93%
10/29/2024,"682,920","687,948","688,345","682,100",1.74K,-0.79%
10/30/2024,"682,600","682,960","686,686","681,395",1.19K,-0.05%
10/31/2024,"676,960","682,525","685,500","676,128",1.27K,-0.83%
11/1/2024,"678,000","678,393","682,986","676,271",1.27K,0.15%
11/4/2024,"664,750","676,450","676,678","657,498",2.99K,-1.95%
11/5/2024,"666,684","664,640","667,522","661,970",1.65K,0.29%
11/6/2024,"703,000","688,739","703,419","685,516",2.88K,5.45%
11/7/2024,"688,252","702,299","704,053","688,252",2.57K,-2.10%
11/8/2024,"695,878","692,712","699,414","689,582",1.67K,1.11%
11/11/2024,"700,224","699,170","705,634","696,759",2.90K,0.62%
11/12/2024,"700,700","702,637","702,637","698,000",1.72K,0.07%
11/13/2024,"702,250","701,027","702,395","696,500",1.74K,0.22%
11/14/2024,"700,600","702,950","703,780","698,839",1.43K,-0.23%
11/15/2024,"705,999","698,399","707,991","697,079",1.78K,0.77%
11/18/2024,"708,000","705,423","708,868","702,700",2.26K,0.28%
11/19/2024,"703,960","706,009","706,646","697,815",1.69K,-0.57%
11/20/2024,"703,300","704,051","705,408","699,264",1.31K,-0.09%
11/21/2024,"707,250","704,176","711,778","699,578",1.51K,0.56%
11/22/2024,"714,280","708,184","715,958","705,000",1.53K,0.99%
11/25/2024,"716,399","718,596","723,473","715,373",2.43K,0.30%
11/26/2024,"718,520","716,453","719,159","709,599",1.40K,0.30%
11/27/2024,"723,549","720,776","737,301","720,053",1.63K,0.70%
11/29/2024,"724,040","730,091","730,097","723,050",1.30K,0.07%
12/2/2024,"715,880","725,911","727,000","712,204",3.17K,-1.13%
12/3/2024,"705,659","716,739","717,722","703,355",2.31K,-1.43%
12/4/2024,"701,601","706,754","707,280","699,836",2.06K,-0.58%
12/5/2024,"704,406","703,616","708,806","702,231",1.68K,0.40%
12/6/2024,"705,237","706,750","706,913","701,546",1.49K,0.12%
12/9/2024,"696,160","707,089","707,089","695,000",2.63K,-1.29%
12/10/2024,"694,620","697,092","699,361","689,630",1.58K,-0.22%
12/11/2024,"690,666","695,963","697,814","688,000",2.07K,-0.57%
12/12/2024,"686,850","693,017","695,000","686,850",1.68K,-0.55%
12/13/2024,"685,934","690,449","690,449","685,350",1.44K,-0.13%
12/16/2024,"683,788","688,355","690,189","682,171",2.15K,-0.31%
12/17/2024,"684,120","679,987","685,141","678,050",1.50K,0.05%
12/18/2024,"670,738","686,377","687,812","670,000",1.52K,-1.96%
12/19/2024,"673,274","677,657","680,405","673,274",1.65K,0.38%
12/20/2024,"682,500","674,074","687,625","671,775",1.48K,1.37%
12/23/2024,"681,999","680,000","681,999","674,589",1.73K,-0.07%
12/24/2024,"687,442","683,354","688,029","681,258",0.74K,0.80%
12/26/2024,"687,600","686,033","689,042","683,692",1.13K,0.02%
12/27/2024,"684,909","686,994","691,344","676,900",1.25K,-0.39%
12/30/2024,"678,120","681,727","681,768","673,626",1.67K,-0.99%
12/31/2024,"680,920","678,863","681,700","676,449",1.16K,0.41%
1/2/2025,"675,500","685,049","685,330","674,923",1.88K,-0.80%
1/3/2025,"681,460","678,874","681,583","675,120",1.30K,0.88%
1/6/2025,"676,604","681,925","684,124","675,911",2.06K,-0.71%
1/7/2025,"678,560","678,759","684,655","676,452",1.17K,0.29%
1/8/2025,"677,925","680,601","681,074","674,550",1.12K,-0.09%
1/10/2025,"663,000","677,258","677,400","660,640",2.15K,-2.20%
1/13/2025,"666,280","662,295","667,355","660,651",1.53K,0.49%
1/14/2025,"675,760","668,593","675,760","666,027",1.08K,1.42%
1/15/2025,"688,500","683,047","688,507","680,500",1.22K,1.89%
1/16/2025,"692,904","687,763","694,487","685,626",1.10K,0.64%
1/17/2025,"702,760","697,790","705,000","693,770",1.64K,1.42%
1/21/2025,"702,553","706,486","709,487","701,569",2.59K,-0.03%
1/22/2025,"691,500","702,701","703,052","682,640",1.89K,-1.57%
1/23/2025,"689,400","692,579","696,421","688,770",1.19K,-0.30%
1/24/2025,"694,602","686,545","695,571","684,801",1.19K,0.75%
1/27/2025,"712,000","696,479","712,000","695,171",2.19K,2.50%
1/28/2025,"705,000","711,229","711,229","703,618",1.51K,-0.98%
1/29/2025,"704,680","704,935","710,708","703,094",1.12K,-0.05%
1/30/2025,"709,084","707,271","711,000","703,805",1.10K,0.62%
1/31/2025,"702,614","708,044","708,651","700,613",1.35K,-0.91%
2/3/2025,"696,552","691,287","699,725","682,280",2.34K,-0.86%
2/4/2025,"702,179","697,041","702,179","694,506",1.04K,0.81%
2/5/2025,"709,840","704,532","711,208","702,100",1.20K,1.09%
2/6/2025,"714,869","712,341","716,783","709,787",1.28K,0.71%
2/7/2025,"708,903","716,732","717,327","708,785",1.21K,-0.83%
2/10/2025,"705,959","711,319","711,319","703,996",1.46K,-0.42%
2/11/2025,"709,489","706,000","709,491","700,490",0.99K,0.50%
2/12/2025,"707,500","706,215","708,166","702,235",0.99K,-0.28%
2/13/2025,"721,500","708,308","721,782","706,669",1.14K,1.98%
2/14/2025,"719,146","721,061","726,600","719,066",1.18K,-0.33%
2/18/2025,"725,000","720,975","725,900","716,860",1.93K,0.81%
2/19/2025,"725,883","724,125","726,888","720,795",0.99K,0.12%
2/20/2025,"722,980","725,313","726,000","717,200",1.16K,-0.40%
2/21/2025,"718,750","721,103","725,552","716,742",1.11K,-0.59%
2/24/2025,"747,486","724,726","755,968","722,503",2.92K,4.00%
2/25/2025,"750,041","754,050","759,924","737,600",2.00K,0.34%
2/26/2025,"740,998","748,186","750,250","739,886",1.45K,-1.21%
2/27/2025,"753,380","743,491","757,341","741,472",1.42K,1.67%
2/28/2025,"775,000","760,420","775,000","756,428",1.80K,2.87%
3/3/2025,"765,160","775,648","777,749","759,700",2.90K,-1.27%
3/4/2025,"742,800","759,915","761,405","740,759",2.42K,-2.92%
3/5/2025,"746,940","745,891","751,020","738,988",1.43K,0.56%
3/6/2025,"747,110","745,145","749,096","738,286",1.40K,0.02%
3/7/2025,"742,901","744,600","747,212","735,200",1.47K,-0.56%
3/10/2025,"744,944","736,299","750,255","734,625",2.19K,0.28%
3/11/2025,"744,708","744,256","748,402","737,002",2.04K,-0.03%
3/12/2025,"745,682","747,915","748,345","733,900",1.53K,0.13%
3/13/2025,"756,910","744,972","761,789","741,952",1.53K,1.51%
3/14/2025,"771,250","759,622","773,525","754,962",1.80K,1.89%
3/17/2025,"784,957","772,036","786,746","770,287",2.49K,1.78%
3/18/2025,"783,684","788,495","792,240","781,882",1.68K,-0.16%
3/19/2025,"789,880","789,633","789,964","781,230",3.70K,0.79%
3/20/2025,"792,880","787,528","795,671","784,695",2.91K,0.38%
3/21/2025,"781,680","792,675","793,025","781,290",2.34K,-1.41%
3/24/2025,"789,649","785,498","790,614","782,272",2.56K,1.02%
3/25/2025,"792,966","790,645","799,502","788,700",1.69K,0.42%
3/26/2025,"798,963","796,054","806,024","794,601",1.83K,0.76%
3/27/2025,"801,950","798,427","805,833","794,303",1.85K,0.37%
3/28/2025,"790,250","803,222","803,449","787,100",2.13K,-1.46%
3/31/2025,"798,442","781,811","804,461","778,716",2.48K,1.04%
4/1/2025,"800,300","798,058","804,096","791,272",2.10K,0.23%
4/2/2025,"806,684","797,927","808,030","795,480",1.66K,0.80%
4/3/2025,"794,514","790,616","807,838","786,761",1.09K,-1.51%
4/4/2025,"742,540","776,930","779,944","739,478",1.53K,-6.54%
4/7/2025,"737,000","702,099","757,493","695,517",1.91K,-0.75%
4/8/2025,"739,101","763,357","773,910","726,481",0.91K,0.29%
4/9/2025,"778,421","738,283","784,890","727,962",0.89K,5.32%
4/10/2025,"774,000","777,791","780,270","747,842",0.60K,-0.57%
4/11/2025,"784,000","775,969","789,300","766,666",0.64K,1.29%
4/14/2025,"793,788","796,354","804,250","790,050",0.73K,1.25%
4/15/2025,"792,500","799,709","803,560","791,250",0.40K,-0.16%
4/16/2025,"774,261","794,256","794,950","769,941",0.47K,-2.30%
4/17/2025,"778,833","777,941","785,888","772,940",0.29K,0.59%
4/21/2025,"760,489","775,235","777,363","748,383",0.51K,-2.36%
4/22/2025,"780,000","770,396","782,934","767,526",0.42K,2.57%
4/23/2025,"788,799","792,086","798,100","786,000",0.48K,1.13%
4/24/2025,"797,140","789,724","799,022","785,589",0.42K,1.06%
4/25/2025,"795,760","797,963","798,000","790,778",0.33K,-0.17%
4/28/2025,"797,750","800,630","804,977","790,120",0.52K,0.25%
4/29/2025,"801,340","798,288","802,868","792,771",0.49K,0.45%
4/30/2025,"800,540","798,258","803,232","786,414",0.55K,-0.10%
5/1/2025,"795,400","798,237","799,620","792,772",0.41K,-0.64%
5/2/2025,"809,350","803,783","812,855","802,875",0.53K,1.75%
5/5/2025,"769,960","780,922","781,570","754,568",1.21K,-4.87%
5/6/2025,"768,000","765,369","773,351","761,930",0.42K,-0.25%
5/7/2025,"778,173","773,052","780,078","770,000",0.32K,1.32%
5/8/2025,"769,000","780,092","782,014","769,000",0.44K,-1.18%
5/9/2025,"770,999","771,754","773,960","765,612",0.34K,0.26%
5/12/2025,"772,100","779,849","779,853","765,615",0.61K,0.14%
5/13/2025,"767,000","771,963","774,033","767,000",0.49K,-0.66%
5/14/2025,"753,215","767,778","767,778","753,215",0.60K,-1.80%
5/15/2025,"759,100","753,969","764,563","751,890",0.43K,0.78%
5/16/2025,"770,660","762,266","771,080","759,237",0.37K,1.52%
5/19/2025,"767,200","770,319","770,319","765,000",0.33K,-0.45%
5/20/2025,"762,320","767,396","768,000","760,000",0.30K,-0.64%
5/21/2025,"761,380","761,265","764,503","758,823",0.36K,-0.12%
5/22/2025,"756,250","759,110","761,895","754,384",0.32K,-0.67%
5/23/2025,"754,505","750,000","758,095","750,000",0.27K,-0.23%
5/27/2025,"760,100","759,403","764,310","756,432",0.46K,0.74%
